{"Bangalore Expert": {"r2": 0.908153377962779}, "General Expert": {"r2": 0.8481302904958479}}